Job Title,Job Location,Job Link
Consultor de TI - Matarazzo,"São Paulo, São Paulo, Brazil",https://br.linkedin.com/jobs/view/consultor-de-ti-matarazzo-at-rsm-brasil-3913970290?position=1&pageNum=0&refId=c2Yygk8K66gdGKSJ3hqTtw%3D%3D&trackingId=pPFki3gcMYcpNvUXC8qfVQ%3D%3D&trk=public_jobs_jserp-result_search-card
Banco de talentos - TI,"São Paulo, São Paulo, Brazil",https://br.linkedin.com/jobs/view/banco-de-talentos-ti-at-insper-instituto-de-ensino-e-pesquisa-3814928783?position=2&pageNum=0&refId=c2Yygk8K66gdGKSJ3hqTtw%3D%3D&trackingId=XoPS8e%2FQezLE94CAA28BCw%3D%3D&trk=public_jobs_jserp-result_search-card
Auxiliar Tecnologia da Informação,Greater São Paulo Area,https://br.linkedin.com/jobs/view/auxiliar-tecnologia-da-informa%C3%A7%C3%A3o-at-alpha-secure-3849661243?position=3&pageNum=0&refId=c2Yygk8K66gdGKSJ3hqTtw%3D%3D&trackingId=nwsDXbFbAS8B8IuUKfQ2jg%3D%3D&trk=public_jobs_jserp-result_search-card
Estágio em TI - Consultoria,"São Paulo, São Paulo, Brazil",https://br.linkedin.com/jobs/view/est%C3%A1gio-em-ti-consultoria-at-fi-group-3922181395?position=4&pageNum=0&refId=c2Yygk8K66gdGKSJ3hqTtw%3D%3D&trackingId=04FUBHamdc8GN6vw1Q1tcw%3D%3D&trk=public_jobs_jserp-result_search-card
ESTÁGIO ÁREA TECNOLOGIA DA INFORMAÇÃO - CAMINHO DAS ÁRVORES,"Salvador, Bahia, Brazil",https://br.linkedin.com/jobs/view/est%C3%A1gio-%C3%A1rea-tecnologia-da-informa%C3%A7%C3%A3o-caminho-das-%C3%A1rvores-at-tm-solutions-3868144055?position=5&pageNum=0&refId=c2Yygk8K66gdGKSJ3hqTtw%3D%3D&trackingId=NFCur31ec9Nq%2B8FxTEbbaw%3D%3D&trk=public_jobs_jserp-result_search-card
Estágio- Tecnologia da Informação,"Ananindeua, Pará, Brazil",https://br.linkedin.com/jobs/view/est%C3%A1gio-tecnologia-da-informa%C3%A7%C3%A3o-at-vellon-telecom-3913430370?position=6&pageNum=0&refId=c2Yygk8K66gdGKSJ3hqTtw%3D%3D&trackingId=RTUmVJIBoXPTQXOFk1r3hg%3D%3D&trk=public_jobs_jserp-result_search-card
Analistas de Infraestrutura de TI,"Belo Horizonte, Minas Gerais, Brazil",https://br.linkedin.com/jobs/view/analistas-de-infraestrutura-de-ti-at-npo-sistemas-do-brasil-a-ricoh-company-3921672289?position=7&pageNum=0&refId=c2Yygk8K66gdGKSJ3hqTtw%3D%3D&trackingId=IZ3VcvlffeLYdTO3ujh6ew%3D%3D&trk=public_jobs_jserp-result_search-card
Estágio em TI Infraestrutura,"São Paulo, São Paulo, Brazil",https://br.linkedin.com/jobs/view/est%C3%A1gio-em-ti-infraestrutura-at-lideran%C3%A7a-capitaliza%C3%A7%C3%A3o-s-a-3927157047?position=8&pageNum=0&refId=c2Yygk8K66gdGKSJ3hqTtw%3D%3D&trackingId=fTssiPmdPYQs9YkGHePQ5g%3D%3D&trk=public_jobs_jserp-result_search-card
Estágio Tecnologia da Informação - SESI (RP 14119),"Rio Negro, Paraná, Brazil",https://br.linkedin.com/jobs/view/est%C3%A1gio-tecnologia-da-informa%C3%A7%C3%A3o-sesi-rp-14119-at-iel-paran%C3%A1-3928977746?position=9&pageNum=0&refId=c2Yygk8K66gdGKSJ3hqTtw%3D%3D&trackingId=x1KZnSp%2BnsrH4coksam%2FXA%3D%3D&trk=public_jobs_jserp-result_search-card
Estágio - Tecnologia da Informação,Greater Belo Horizonte,https://br.linkedin.com/jobs/view/est%C3%A1gio-tecnologia-da-informa%C3%A7%C3%A3o-at-vekto-engenharia-3917627212?position=10&pageNum=0&refId=c2Yygk8K66gdGKSJ3hqTtw%3D%3D&trackingId=X6sT3gREj3RN%2B0xdaAxufw%3D%3D&trk=public_jobs_jserp-result_search-card
Estágio: Tecnologia da Informação,Greater Rio de Janeiro,https://br.linkedin.com/jobs/view/est%C3%A1gio-tecnologia-da-informa%C3%A7%C3%A3o-at-nube-estagi%C3%A1rios-e-aprendizes-3922560243?position=11&pageNum=0&refId=c2Yygk8K66gdGKSJ3hqTtw%3D%3D&trackingId=QimvtrWcpZmDGTefrNZt7w%3D%3D&trk=public_jobs_jserp-result_search-card
Estágio Tecnologia da Informação,"Belo Horizonte, Minas Gerais, Brazil",https://br.linkedin.com/jobs/view/est%C3%A1gio-tecnologia-da-informa%C3%A7%C3%A3o-at-grupo-santa-casa-bh-3864788135?position=12&pageNum=0&refId=c2Yygk8K66gdGKSJ3hqTtw%3D%3D&trackingId=ImJPwaLtnbOgb%2FwbVwD7oQ%3D%3D&trk=public_jobs_jserp-result_search-card
I want to be an ebanker!,"Curitiba, Paraná, Brazil",https://br.linkedin.com/jobs/view/i-want-to-be-an-ebanker%21-at-ebanx-3641771421?position=13&pageNum=0&refId=c2Yygk8K66gdGKSJ3hqTtw%3D%3D&trackingId=brc73FHqqMrUYs%2FVSChVvg%3D%3D&trk=public_jobs_jserp-result_search-card
Estágio em Tecnologia da Informação II,Brazil,https://br.linkedin.com/jobs/view/est%C3%A1gio-em-tecnologia-da-informa%C3%A7%C3%A3o-ii-at-k2a-technology-solutions-3920222953?position=14&pageNum=0&refId=c2Yygk8K66gdGKSJ3hqTtw%3D%3D&trackingId=44I6ZMRL1QUJmgqyvJtQEw%3D%3D&trk=public_jobs_jserp-result_search-card
Estagiário (a) Tecnologia da Informação,"Poços de Caldas, Minas Gerais, Brazil",https://br.linkedin.com/jobs/view/estagi%C3%A1rio-a-tecnologia-da-informa%C3%A7%C3%A3o-at-unimed-po%C3%A7os-3908118048?position=15&pageNum=0&refId=c2Yygk8K66gdGKSJ3hqTtw%3D%3D&trackingId=oqcGXVCq6TjQGXTJTeMOJw%3D%3D&trk=public_jobs_jserp-result_search-card
Gerente de TI,"Vinhedo, São Paulo, Brazil",https://br.linkedin.com/jobs/view/gerente-de-ti-at-performa-it-3927527328?position=16&pageNum=0&refId=c2Yygk8K66gdGKSJ3hqTtw%3D%3D&trackingId=q3cfwDahVxl4mWtS9WjREg%3D%3D&trk=public_jobs_jserp-result_search-card
Estágio: Tecnologia da Informação,"Diadema, São Paulo, Brazil",https://br.linkedin.com/jobs/view/est%C3%A1gio-tecnologia-da-informa%C3%A7%C3%A3o-at-nube-estagi%C3%A1rios-e-aprendizes-3924778693?position=17&pageNum=0&refId=c2Yygk8K66gdGKSJ3hqTtw%3D%3D&trackingId=lg6ZJ%2Bk5KnEbV6PXcIIfNA%3D%3D&trk=public_jobs_jserp-result_search-card
Estágio: Tecnologia da Informação,"São Paulo, São Paulo, Brazil",https://br.linkedin.com/jobs/view/est%C3%A1gio-tecnologia-da-informa%C3%A7%C3%A3o-at-nube-estagi%C3%A1rios-e-aprendizes-3922876331?position=18&pageNum=0&refId=c2Yygk8K66gdGKSJ3hqTtw%3D%3D&trackingId=LnM9lfxdvI97Uc67g%2FsKqw%3D%3D&trk=public_jobs_jserp-result_search-card
Estágio: Tecnologia da Informação,"São Paulo, São Paulo, Brazil",https://br.linkedin.com/jobs/view/est%C3%A1gio-tecnologia-da-informa%C3%A7%C3%A3o-at-nube-estagi%C3%A1rios-e-aprendizes-3926990442?position=19&pageNum=0&refId=c2Yygk8K66gdGKSJ3hqTtw%3D%3D&trackingId=4VszOSMkA115xK7fzJ4f%2Bg%3D%3D&trk=public_jobs_jserp-result_search-card
Estágio na área de Tecnologia da Informação,"Lauro de Freitas, Bahia, Brazil",https://br.linkedin.com/jobs/view/est%C3%A1gio-na-%C3%A1rea-de-tecnologia-da-informa%C3%A7%C3%A3o-at-cide-capacita%C3%A7%C3%A3o-inser%C3%A7%C3%A3o-e-desenvolvimento-3872439077?position=20&pageNum=0&refId=c2Yygk8K66gdGKSJ3hqTtw%3D%3D&trackingId=g57%2FLu4JzKpEh3lEm3zCPg%3D%3D&trk=public_jobs_jserp-result_search-card
Gerente de Serviços de TI - indústria multinacional,Greater São Paulo Area,https://br.linkedin.com/jobs/view/gerente-de-servi%C3%A7os-de-ti-ind%C3%BAstria-multinacional-at-hunt-it-tech-recruitment-agency-3922684842?position=21&pageNum=0&refId=c2Yygk8K66gdGKSJ3hqTtw%3D%3D&trackingId=YVgAbN%2FTyDu3777UkqdsmA%3D%3D&trk=public_jobs_jserp-result_search-card
Estágio | TI | Vale,Greater Rio de Janeiro,https://br.linkedin.com/jobs/view/est%C3%A1gio-ti-vale-at-grupo-capacitare-3919192856?position=22&pageNum=0&refId=c2Yygk8K66gdGKSJ3hqTtw%3D%3D&trackingId=Ls9djS34PvCnjuLn5RAe7g%3D%3D&trk=public_jobs_jserp-result_search-card
IT Infrastructure Manager,"São Paulo, São Paulo, Brazil",https://br.linkedin.com/jobs/view/it-infrastructure-manager-at-metlife-brasil-3916746863?position=23&pageNum=0&refId=c2Yygk8K66gdGKSJ3hqTtw%3D%3D&trackingId=6Pn2oP7wEjJkizvHu%2FIYeQ%3D%3D&trk=public_jobs_jserp-result_search-card
Estágio: Tecnologia da Informação,"Valinhos, São Paulo, Brazil",https://br.linkedin.com/jobs/view/est%C3%A1gio-tecnologia-da-informa%C3%A7%C3%A3o-at-nube-estagi%C3%A1rios-e-aprendizes-3929127646?position=24&pageNum=0&refId=c2Yygk8K66gdGKSJ3hqTtw%3D%3D&trackingId=9RNOIdxKFfEnQw1oFh0IHA%3D%3D&trk=public_jobs_jserp-result_search-card
Estágio TI,"Florianópolis, Santa Catarina, Brazil",https://br.linkedin.com/jobs/view/est%C3%A1gio-ti-at-ska-automa%C3%A7%C3%A3o-de-engenharias-ltda-3910697863?position=25&pageNum=0&refId=c2Yygk8K66gdGKSJ3hqTtw%3D%3D&trackingId=CE4aBXd4EVGALbTHvo5QMw%3D%3D&trk=public_jobs_jserp-result_search-card
G.Start 2024 | Programa Estágio Universitário Gerdau,"São Paulo, São Paulo, Brazil",https://br.linkedin.com/jobs/view/g-start-2024-programa-est%C3%A1gio-universit%C3%A1rio-gerdau-at-gerdau-3911870630?position=26&pageNum=0&refId=c2Yygk8K66gdGKSJ3hqTtw%3D%3D&trackingId=JYVG08ZSF%2FfXElqrSlYXVA%3D%3D&trk=public_jobs_jserp-result_search-card
Estágio de Infraestrutura TI - Campinas,"Campinas, São Paulo, Brazil",https://br.linkedin.com/jobs/view/est%C3%A1gio-de-infraestrutura-ti-campinas-at-rede-decis%C3%A3o-3925147591?position=27&pageNum=0&refId=c2Yygk8K66gdGKSJ3hqTtw%3D%3D&trackingId=VRwh25sm0AnzDWXfiz8Nag%3D%3D&trk=public_jobs_jserp-result_search-card
Superintendente TI,"São Paulo, São Paulo, Brazil",https://br.linkedin.com/jobs/view/superintendente-ti-at-banco-fibra-3911548612?position=28&pageNum=0&refId=c2Yygk8K66gdGKSJ3hqTtw%3D%3D&trackingId=Fn2VYtDMeXqg7ARttmyEvg%3D%3D&trk=public_jobs_jserp-result_search-card
IT Operations Manager Brazil,"São Paulo, São Paulo, Brazil",https://br.linkedin.com/jobs/view/it-operations-manager-brazil-at-avion-express-3919674395?position=29&pageNum=0&refId=c2Yygk8K66gdGKSJ3hqTtw%3D%3D&trackingId=ZBw2gL426a7d1eykkEFrNQ%3D%3D&trk=public_jobs_jserp-result_search-card
Estágio | TI - SistemasTrabalho RemotoEstágio,"Santa Maria, Rio Grande do Sul, Brazil",https://br.linkedin.com/jobs/view/est%C3%A1gio-ti-sistemastrabalho-remotoest%C3%A1gio-at-capemisa-seguradora-3918717257?position=30&pageNum=0&refId=c2Yygk8K66gdGKSJ3hqTtw%3D%3D&trackingId=eDWNkV1onyGX98KEKIUh7g%3D%3D&trk=public_jobs_jserp-result_search-card
Banco de Talentos - TI SalesforceSão Paulo - SP e RemotoBanco de talentos,"São Paulo, São Paulo, Brazil",https://br.linkedin.com/jobs/view/banco-de-talentos-ti-salesforces%C3%A3o-paulo-sp-e-remotobanco-de-talentos-at-vivo-telef%C3%B4nica-brasil-3918414114?position=31&pageNum=0&refId=c2Yygk8K66gdGKSJ3hqTtw%3D%3D&trackingId=XOnCmstX8ixoDIZasOnu5g%3D%3D&trk=public_jobs_jserp-result_search-card
Estágio de Tecnologia da Informação,"São Paulo, São Paulo, Brazil",https://br.linkedin.com/jobs/view/est%C3%A1gio-de-tecnologia-da-informa%C3%A7%C3%A3o-at-mc1-win-the-market-3922405315?position=32&pageNum=0&refId=c2Yygk8K66gdGKSJ3hqTtw%3D%3D&trackingId=VQLQbeCcp%2FExDt3IdGNQWQ%3D%3D&trk=public_jobs_jserp-result_search-card
Estagio TI,"Porto Alegre, Rio Grande do Sul, Brazil",https://br.linkedin.com/jobs/view/estagio-ti-at-premium-rh-3862951160?position=33&pageNum=0&refId=c2Yygk8K66gdGKSJ3hqTtw%3D%3D&trackingId=5TQPOWiqI2rGWbo4eoyqKg%3D%3D&trk=public_jobs_jserp-result_search-card
Estágio em TI InfraestruturaSão Paulo - SPEstágio,"São Paulo, São Paulo, Brazil",https://br.linkedin.com/jobs/view/est%C3%A1gio-em-ti-infraestruturas%C3%A3o-paulo-spest%C3%A1gio-at-lideran%C3%A7a-capitaliza%C3%A7%C3%A3o-s-a-3926306485?position=34&pageNum=0&refId=c2Yygk8K66gdGKSJ3hqTtw%3D%3D&trackingId=JJKzIlVxlUjewSC6tM94NQ%3D%3D&trk=public_jobs_jserp-result_search-card
Estágio na área de Tecnologia da Informação,Greater São Paulo Area,https://br.linkedin.com/jobs/view/est%C3%A1gio-na-%C3%A1rea-de-tecnologia-da-informa%C3%A7%C3%A3o-at-triton-seguran%C3%A7a-e-servi%C3%A7os-3854610168?position=35&pageNum=0&refId=c2Yygk8K66gdGKSJ3hqTtw%3D%3D&trackingId=fj7gP%2B7rR%2Bq1qwAqoxwdNg%3D%3D&trk=public_jobs_jserp-result_search-card
Estagio Tecnologia Da Informação,Greater Porto Alegre,https://br.linkedin.com/jobs/view/estagio-tecnologia-da-informa%C3%A7%C3%A3o-at-customic-3920215723?position=36&pageNum=0&refId=c2Yygk8K66gdGKSJ3hqTtw%3D%3D&trackingId=PvYeDE00DKzawIln7rNPdg%3D%3D&trk=public_jobs_jserp-result_search-card
Processo Seletivo - Analista em Negócio - Foco em Governo,Brazil,https://br.linkedin.com/jobs/view/processo-seletivo-analista-em-neg%C3%B3cio-foco-em-governo-at-elogroup-3916460223?position=37&pageNum=0&refId=c2Yygk8K66gdGKSJ3hqTtw%3D%3D&trackingId=tiyfPNNfw4IlmU9bU%2BG%2BEA%3D%3D&trk=public_jobs_jserp-result_search-card
Estágio T.I.,"Recife, Pernambuco, Brazil",https://br.linkedin.com/jobs/view/est%C3%A1gio-t-i-at-rede-damas-educacional-3888512357?position=38&pageNum=0&refId=c2Yygk8K66gdGKSJ3hqTtw%3D%3D&trackingId=dToPfQnMtDAZUcZrUZhvBw%3D%3D&trk=public_jobs_jserp-result_search-card
Banco de Talentos TI,Greater São Paulo Area,https://br.linkedin.com/jobs/view/banco-de-talentos-ti-at-sciensa-3862130911?position=39&pageNum=0&refId=c2Yygk8K66gdGKSJ3hqTtw%3D%3D&trackingId=yn1SIiOZ7waZdirS7yYUYA%3D%3D&trk=public_jobs_jserp-result_search-card
CONSULTOR DE TI | MODELO HIBRIDO | SÃO PAULO (ZONA NORTE),"São Paulo, São Paulo, Brazil",https://br.linkedin.com/jobs/view/consultor-de-ti-modelo-hibrido-s%C3%A3o-paulo-zona-norte-at-fast-shop-s-a-3929229145?position=40&pageNum=0&refId=c2Yygk8K66gdGKSJ3hqTtw%3D%3D&trackingId=KYDyIjoIAeQof9EK0p73%2Bg%3D%3D&trk=public_jobs_jserp-result_search-card
Estágio em TI - Lease&CO,"Curitiba, Paraná, Brazil",https://br.linkedin.com/jobs/view/est%C3%A1gio-em-ti-lease-co-at-mobilize-financial-services-brasil-3923233988?position=41&pageNum=0&refId=c2Yygk8K66gdGKSJ3hqTtw%3D%3D&trackingId=x4dnDRpri%2BJ55Ph%2BjUNdog%3D%3D&trk=public_jobs_jserp-result_search-card
Analista de Relacionamento com o Cliente | Rio de Janeiro/RJ,Greater Rio de Janeiro,https://br.linkedin.com/jobs/view/analista-de-relacionamento-com-o-cliente-rio-de-janeiro-rj-at-stone-3902754837?position=42&pageNum=0&refId=c2Yygk8K66gdGKSJ3hqTtw%3D%3D&trackingId=P3U6U1rLs0TdtgXx8aBLOA%3D%3D&trk=public_jobs_jserp-result_search-card
Estagiário (a) de Sistemas Internos,"Florianópolis, Santa Catarina, Brazil",https://br.linkedin.com/jobs/view/estagi%C3%A1rio-a-de-sistemas-internos-at-grupo-nexxees-3882703980?position=43&pageNum=0&refId=c2Yygk8K66gdGKSJ3hqTtw%3D%3D&trackingId=E%2F2NOvuWXY0qW8JBqHLfaw%3D%3D&trk=public_jobs_jserp-result_search-card
BANCO DE PROFISSIONAIS - TI,"São Paulo, São Paulo, Brazil",https://br.linkedin.com/jobs/view/banco-de-profissionais-ti-at-kings-queens-consultoria-e-treinamentos-3850875667?position=44&pageNum=0&refId=c2Yygk8K66gdGKSJ3hqTtw%3D%3D&trackingId=TLR2YXKU5UDzdozcnH6ojQ%3D%3D&trk=public_jobs_jserp-result_search-card
ESTÁGIO T.I - INFRAESTRUTURA,"Castanhal, Pará, Brazil",https://br.linkedin.com/jobs/view/est%C3%A1gio-t-i-infraestrutura-at-sea-telecom-3893018083?position=45&pageNum=0&refId=c2Yygk8K66gdGKSJ3hqTtw%3D%3D&trackingId=M4877lfqk0nQMIW1B1EC6Q%3D%3D&trk=public_jobs_jserp-result_search-card
IT Manager,"Campo Bom, Rio Grande do Sul, Brazil",https://br.linkedin.com/jobs/view/it-manager-at-fcc-3882245680?position=46&pageNum=0&refId=c2Yygk8K66gdGKSJ3hqTtw%3D%3D&trackingId=DLM%2FU9LsYxDDq0E9%2F1%2FXfQ%3D%3D&trk=public_jobs_jserp-result_search-card
Estágio: Tecnologia da Informação,"Goiânia, Goiás, Brazil",https://br.linkedin.com/jobs/view/est%C3%A1gio-tecnologia-da-informa%C3%A7%C3%A3o-at-nube-estagi%C3%A1rios-e-aprendizes-3925421957?position=47&pageNum=0&refId=c2Yygk8K66gdGKSJ3hqTtw%3D%3D&trackingId=8oRB%2B4QI0fUZ1BhS%2FgqBkw%3D%3D&trk=public_jobs_jserp-result_search-card
Consultor de TI,"Jundiaí, São Paulo, Brazil",https://br.linkedin.com/jobs/view/consultor-de-ti-at-grupo-ccr-3925812787?position=48&pageNum=0&refId=c2Yygk8K66gdGKSJ3hqTtw%3D%3D&trackingId=fyulD%2FUQfBmk6O9%2FMqUKRA%3D%3D&trk=public_jobs_jserp-result_search-card
Suporte de TI Nível 2,"Curitiba, Paraná, Brazil",https://br.linkedin.com/jobs/view/suporte-de-ti-n%C3%ADvel-2-at-softwaresul-tecnologia-3813133167?position=49&pageNum=0&refId=c2Yygk8K66gdGKSJ3hqTtw%3D%3D&trackingId=cZjFbrgJDJgTeac32qpFhA%3D%3D&trk=public_jobs_jserp-result_search-card
#313 - Estágio em Tecnologia da Informação | TI,"Presidente Prudente, São Paulo, Brazil",https://br.linkedin.com/jobs/view/%23313-est%C3%A1gio-em-tecnologia-da-informa%C3%A7%C3%A3o-ti-at-mathea%C3%A7o-solu%C3%A7%C3%B5es-corporativas-3907451276?position=50&pageNum=0&refId=c2Yygk8K66gdGKSJ3hqTtw%3D%3D&trackingId=ZqTpdiCVhyin55Gp%2Ff4%2FAg%3D%3D&trk=public_jobs_jserp-result_search-card
Aprendiz TI,"Jacareí, São Paulo, Brazil",https://br.linkedin.com/jobs/view/aprendiz-ti-at-cebrace-3927089511?position=51&pageNum=0&refId=c2Yygk8K66gdGKSJ3hqTtw%3D%3D&trackingId=yj6%2FxNGkcRA5Qs2pyZZ1Jw%3D%3D&trk=public_jobs_jserp-result_search-card
Consultor de Sistemas,"Boa Vista, Roraima, Brazil",https://br.linkedin.com/jobs/view/consultor-de-sistemas-at-noxtec-3914081139?position=52&pageNum=0&refId=c2Yygk8K66gdGKSJ3hqTtw%3D%3D&trackingId=dW%2BxFPFp%2BseH2unQE6JOtQ%3D%3D&trk=public_jobs_jserp-result_search-card
Processo Seletivo - Analista em Negócio - Foco em Governo - Brasília,"Brasília, Federal District, Brazil",https://br.linkedin.com/jobs/view/processo-seletivo-analista-em-neg%C3%B3cio-foco-em-governo-bras%C3%ADlia-at-elogroup-3914831904?position=53&pageNum=0&refId=c2Yygk8K66gdGKSJ3hqTtw%3D%3D&trackingId=Ix9RjSFDCRrYucNZkZUahw%3D%3D&trk=public_jobs_jserp-result_search-card
Estágio na área de Tecnologia da Informação,Greater São Paulo Area,https://br.linkedin.com/jobs/view/est%C3%A1gio-na-%C3%A1rea-de-tecnologia-da-informa%C3%A7%C3%A3o-at-interhunter-excel%C3%AAncia-em-sele%C3%A7%C3%A3o-3842237218?position=54&pageNum=0&refId=c2Yygk8K66gdGKSJ3hqTtw%3D%3D&trackingId=v15Mispq7WKv6rJPNiGn8Q%3D%3D&trk=public_jobs_jserp-result_search-card
Banco de Talentos Tecnologia da Informação,"Arapongas, Paraná, Brazil",https://br.linkedin.com/jobs/view/banco-de-talentos-tecnologia-da-informa%C3%A7%C3%A3o-at-nortox-s-a-3693991625?position=55&pageNum=0&refId=c2Yygk8K66gdGKSJ3hqTtw%3D%3D&trackingId=g1uW0zphVt58A3%2BIqV%2BYLQ%3D%3D&trk=public_jobs_jserp-result_search-card
Estágio: Tecnologia da Informação,"Cuiabá, Mato Grosso, Brazil",https://br.linkedin.com/jobs/view/est%C3%A1gio-tecnologia-da-informa%C3%A7%C3%A3o-at-nube-estagi%C3%A1rios-e-aprendizes-3913973614?position=56&pageNum=0&refId=c2Yygk8K66gdGKSJ3hqTtw%3D%3D&trackingId=eghS6gO%2B7g%2FVn7h0C698TQ%3D%3D&trk=public_jobs_jserp-result_search-card
Prof Aux I (Área de TI) - Estácio Abdias de Carvalho,"Recife, Pernambuco, Brazil",https://br.linkedin.com/jobs/view/prof-aux-i-%C3%A1rea-de-ti-est%C3%A1cio-abdias-de-carvalho-at-est%C3%A1cio-3853841844?position=57&pageNum=0&refId=c2Yygk8K66gdGKSJ3hqTtw%3D%3D&trackingId=Z4%2FQIULp%2FDUNefRL7gKHZw%3D%3D&trk=public_jobs_jserp-result_search-card
Estagio TI,Brazil,https://br.linkedin.com/jobs/view/estagio-ti-at-grupo-panna-3925422298?position=58&pageNum=0&refId=c2Yygk8K66gdGKSJ3hqTtw%3D%3D&trackingId=qT0JwkqKYpg%2FC5F7AgL%2BVA%3D%3D&trk=public_jobs_jserp-result_search-card
ESTÁGIO EM INFRAESTRUTURA TI (TECNOLOGIA DA INFORMAÇÃO) - APRENDE BRASIL,"Curitiba, Paraná, Brazil",https://br.linkedin.com/jobs/view/est%C3%A1gio-em-infraestrutura-ti-tecnologia-da-informa%C3%A7%C3%A3o-aprende-brasil-at-grupo-positivo-3911550150?position=59&pageNum=0&refId=c2Yygk8K66gdGKSJ3hqTtw%3D%3D&trackingId=B%2BOndYM4HTJeTAx6%2BiHSIw%3D%3D&trk=public_jobs_jserp-result_search-card
BANCO DE TALENTOS - TI,"Barueri, São Paulo, Brazil",https://br.linkedin.com/jobs/view/banco-de-talentos-ti-at-lisa-it-3709673930?position=60&pageNum=0&refId=c2Yygk8K66gdGKSJ3hqTtw%3D%3D&trackingId=XGp9oJgZxfCTa1ozmYdjFA%3D%3D&trk=public_jobs_jserp-result_search-card
G.Start 2024 | Programa Estágio Universitário Gerdau,"São Paulo, São Paulo, Brazil",https://br.linkedin.com/jobs/view/g-start-2024-programa-est%C3%A1gio-universit%C3%A1rio-gerdau-at-gerdau-3911870630?position=1&pageNum=2&refId=Sh%2BnF4MMpGR%2BzgmynLVB%2Fg%3D%3D&trackingId=%2Fbd1IviliTbZbMBOtFHz%2Bw%3D%3D&trk=public_jobs_jserp-result_search-card
Estágio de Infraestrutura TI - Campinas,"Campinas, São Paulo, Brazil",https://br.linkedin.com/jobs/view/est%C3%A1gio-de-infraestrutura-ti-campinas-at-rede-decis%C3%A3o-3925147591?position=2&pageNum=2&refId=Sh%2BnF4MMpGR%2BzgmynLVB%2Fg%3D%3D&trackingId=7Jr9%2B5mhcjwcEmiKHPklQw%3D%3D&trk=public_jobs_jserp-result_search-card
Superintendente TI,"São Paulo, São Paulo, Brazil",https://br.linkedin.com/jobs/view/superintendente-ti-at-banco-fibra-3911548612?position=3&pageNum=2&refId=Sh%2BnF4MMpGR%2BzgmynLVB%2Fg%3D%3D&trackingId=G%2FUq2MjHSGFkFCi6RKyS9Q%3D%3D&trk=public_jobs_jserp-result_search-card
IT Operations Manager Brazil,"São Paulo, São Paulo, Brazil",https://br.linkedin.com/jobs/view/it-operations-manager-brazil-at-avion-express-3919674395?position=4&pageNum=2&refId=Sh%2BnF4MMpGR%2BzgmynLVB%2Fg%3D%3D&trackingId=DNnTbOXqkMh7bxJyGUFGGg%3D%3D&trk=public_jobs_jserp-result_search-card
Estágio | TI - SistemasTrabalho RemotoEstágio,"Santa Maria, Rio Grande do Sul, Brazil",https://br.linkedin.com/jobs/view/est%C3%A1gio-ti-sistemastrabalho-remotoest%C3%A1gio-at-capemisa-seguradora-3918717257?position=5&pageNum=2&refId=Sh%2BnF4MMpGR%2BzgmynLVB%2Fg%3D%3D&trackingId=%2BAmYc7qIi1rVaoFwLHULEw%3D%3D&trk=public_jobs_jserp-result_search-card
Banco de Talentos - TI SalesforceSão Paulo - SP e RemotoBanco de talentos,"São Paulo, São Paulo, Brazil",https://br.linkedin.com/jobs/view/banco-de-talentos-ti-salesforces%C3%A3o-paulo-sp-e-remotobanco-de-talentos-at-vivo-telef%C3%B4nica-brasil-3918414114?position=6&pageNum=2&refId=Sh%2BnF4MMpGR%2BzgmynLVB%2Fg%3D%3D&trackingId=%2BEDCHH2W8kjYUON1%2BxZ3tA%3D%3D&trk=public_jobs_jserp-result_search-card
Estágio de Tecnologia da Informação,"São Paulo, São Paulo, Brazil",https://br.linkedin.com/jobs/view/est%C3%A1gio-de-tecnologia-da-informa%C3%A7%C3%A3o-at-mc1-win-the-market-3922405315?position=7&pageNum=2&refId=Sh%2BnF4MMpGR%2BzgmynLVB%2Fg%3D%3D&trackingId=7UxtztJLlmkm0Sro9Jx0sA%3D%3D&trk=public_jobs_jserp-result_search-card
Estagio TI,"Porto Alegre, Rio Grande do Sul, Brazil",https://br.linkedin.com/jobs/view/estagio-ti-at-premium-rh-3862951160?position=8&pageNum=2&refId=Sh%2BnF4MMpGR%2BzgmynLVB%2Fg%3D%3D&trackingId=R0ZQckxoWDuC05ivBRmclA%3D%3D&trk=public_jobs_jserp-result_search-card
Estágio em TI InfraestruturaSão Paulo - SPEstágio,"São Paulo, São Paulo, Brazil",https://br.linkedin.com/jobs/view/est%C3%A1gio-em-ti-infraestruturas%C3%A3o-paulo-spest%C3%A1gio-at-lideran%C3%A7a-capitaliza%C3%A7%C3%A3o-s-a-3926306485?position=9&pageNum=2&refId=Sh%2BnF4MMpGR%2BzgmynLVB%2Fg%3D%3D&trackingId=Q3WjVPA3QDYoGqgg686ZDA%3D%3D&trk=public_jobs_jserp-result_search-card
Estágio na área de Tecnologia da Informação,Greater São Paulo Area,https://br.linkedin.com/jobs/view/est%C3%A1gio-na-%C3%A1rea-de-tecnologia-da-informa%C3%A7%C3%A3o-at-triton-seguran%C3%A7a-e-servi%C3%A7os-3854610168?position=10&pageNum=2&refId=Sh%2BnF4MMpGR%2BzgmynLVB%2Fg%3D%3D&trackingId=lkSPRdx1vT7rx%2BD6bGBsOg%3D%3D&trk=public_jobs_jserp-result_search-card
Aprendiz TI,"Jacareí, São Paulo, Brazil",https://br.linkedin.com/jobs/view/aprendiz-ti-at-cebrace-3927089511?position=1&pageNum=5&refId=lcgzB%2B7RTVO5Iv7nauaNxA%3D%3D&trackingId=kKYgtMlQC9IhqvicgWZFmw%3D%3D&trk=public_jobs_jserp-result_search-card
Consultor de Sistemas,"Boa Vista, Roraima, Brazil",https://br.linkedin.com/jobs/view/consultor-de-sistemas-at-noxtec-3914081139?position=2&pageNum=5&refId=lcgzB%2B7RTVO5Iv7nauaNxA%3D%3D&trackingId=PfW8Oc%2FmvBGUumXBTPybWw%3D%3D&trk=public_jobs_jserp-result_search-card
Processo Seletivo - Analista em Negócio - Foco em Governo - Brasília,"Brasília, Federal District, Brazil",https://br.linkedin.com/jobs/view/processo-seletivo-analista-em-neg%C3%B3cio-foco-em-governo-bras%C3%ADlia-at-elogroup-3914831904?position=3&pageNum=5&refId=lcgzB%2B7RTVO5Iv7nauaNxA%3D%3D&trackingId=qh8xuzTEKKHdC6R9vsGEZw%3D%3D&trk=public_jobs_jserp-result_search-card
Estágio na área de Tecnologia da Informação,Greater São Paulo Area,https://br.linkedin.com/jobs/view/est%C3%A1gio-na-%C3%A1rea-de-tecnologia-da-informa%C3%A7%C3%A3o-at-interhunter-excel%C3%AAncia-em-sele%C3%A7%C3%A3o-3842237218?position=4&pageNum=5&refId=lcgzB%2B7RTVO5Iv7nauaNxA%3D%3D&trackingId=0vWvgZVxaFIKbAOUcAUKFg%3D%3D&trk=public_jobs_jserp-result_search-card
Banco de Talentos Tecnologia da Informação,"Arapongas, Paraná, Brazil",https://br.linkedin.com/jobs/view/banco-de-talentos-tecnologia-da-informa%C3%A7%C3%A3o-at-nortox-s-a-3693991625?position=5&pageNum=5&refId=lcgzB%2B7RTVO5Iv7nauaNxA%3D%3D&trackingId=h0JAmAKjEh7fnQKZbzg%2Bfg%3D%3D&trk=public_jobs_jserp-result_search-card
Estágio: Tecnologia da Informação,"Cuiabá, Mato Grosso, Brazil",https://br.linkedin.com/jobs/view/est%C3%A1gio-tecnologia-da-informa%C3%A7%C3%A3o-at-nube-estagi%C3%A1rios-e-aprendizes-3913973614?position=6&pageNum=5&refId=lcgzB%2B7RTVO5Iv7nauaNxA%3D%3D&trackingId=llVJDpAS7dz5Omr2P8p0FA%3D%3D&trk=public_jobs_jserp-result_search-card
Prof Aux I (Área de TI) - Estácio Abdias de Carvalho,"Recife, Pernambuco, Brazil",https://br.linkedin.com/jobs/view/prof-aux-i-%C3%A1rea-de-ti-est%C3%A1cio-abdias-de-carvalho-at-est%C3%A1cio-3853841844?position=7&pageNum=5&refId=lcgzB%2B7RTVO5Iv7nauaNxA%3D%3D&trackingId=aqULnCXQ1kpEIs%2F3%2BY28CA%3D%3D&trk=public_jobs_jserp-result_search-card
Estagio TI,Brazil,https://br.linkedin.com/jobs/view/estagio-ti-at-grupo-panna-3925422298?position=8&pageNum=5&refId=lcgzB%2B7RTVO5Iv7nauaNxA%3D%3D&trackingId=xzAqiQXvGl%2BjaBWmPDKRPw%3D%3D&trk=public_jobs_jserp-result_search-card
ESTÁGIO EM INFRAESTRUTURA TI (TECNOLOGIA DA INFORMAÇÃO) - APRENDE BRASIL,"Curitiba, Paraná, Brazil",https://br.linkedin.com/jobs/view/est%C3%A1gio-em-infraestrutura-ti-tecnologia-da-informa%C3%A7%C3%A3o-aprende-brasil-at-grupo-positivo-3911550150?position=9&pageNum=5&refId=lcgzB%2B7RTVO5Iv7nauaNxA%3D%3D&trackingId=1KcroUyvR2Rw4FcMkK2RPA%3D%3D&trk=public_jobs_jserp-result_search-card
BANCO DE TALENTOS - TI,"Barueri, São Paulo, Brazil",https://br.linkedin.com/jobs/view/banco-de-talentos-ti-at-lisa-it-3709673930?position=10&pageNum=5&refId=lcgzB%2B7RTVO5Iv7nauaNxA%3D%3D&trackingId=LnDULfYJHIc9bdL9doLd2g%3D%3D&trk=public_jobs_jserp-result_search-card
ESTÁGIO ÁREA TECNOLOGIA DA INFORMAÇÃO - PITUBA,"Salvador, Bahia, Brazil",https://br.linkedin.com/jobs/view/est%C3%A1gio-%C3%A1rea-tecnologia-da-informa%C3%A7%C3%A3o-pituba-at-tm-solutions-3868138698?position=1&pageNum=7&refId=qyxYQc%2FekIg4DTALPzzbcg%3D%3D&trackingId=30%2BDualxI59tXDgiUwGRzg%3D%3D&trk=public_jobs_jserp-result_search-card
Jovem Aprendiz - Tecnologia da Informação,"Pindamonhangaba, São Paulo, Brazil",https://br.linkedin.com/jobs/view/jovem-aprendiz-tecnologia-da-informa%C3%A7%C3%A3o-at-santa-casa-de-miseric%C3%B3rdia-de-pindamonhangaba-3911480363?position=2&pageNum=7&refId=qyxYQc%2FekIg4DTALPzzbcg%3D%3D&trackingId=lOMRTpRXiBSlXRcbnkYV%2BA%3D%3D&trk=public_jobs_jserp-result_search-card
Controlador de Acesso - unidade Ibirapuera (temporário),"São Paulo, São Paulo, Brazil",https://br.linkedin.com/jobs/view/controlador-de-acesso-unidade-ibirapuera-tempor%C3%A1rio-at-aacd-3904455160?position=3&pageNum=7&refId=qyxYQc%2FekIg4DTALPzzbcg%3D%3D&trackingId=FqegnFaAL0%2FNrjCthZ6Wfw%3D%3D&trk=public_jobs_jserp-result_search-card
Especialista Em TI - Suporte / Infraestrutura,"Montenegro, Rio Grande do Sul, Brazil",https://br.linkedin.com/jobs/view/especialista-em-ti-suporte-infraestrutura-at-dinamiza-rh-assessoria-em-gest%C3%A3o-de-pessoas-3922186125?position=4&pageNum=7&refId=qyxYQc%2FekIg4DTALPzzbcg%3D%3D&trackingId=QlchwZILT2Jt8jeQlre%2BCQ%3D%3D&trk=public_jobs_jserp-result_search-card
Especialista em Infraestrutura de TI,"Campinas, São Paulo, Brazil",https://br.linkedin.com/jobs/view/especialista-em-infraestrutura-de-ti-at-neoenergia-3919756364?position=5&pageNum=7&refId=qyxYQc%2FekIg4DTALPzzbcg%3D%3D&trackingId=cZlSnKkAkqF6DxSVkP5w0w%3D%3D&trk=public_jobs_jserp-result_search-card
Liderança de TI (Operações e Suporte),"Caxias do Sul, Rio Grande do Sul, Brazil",https://br.linkedin.com/jobs/view/lideran%C3%A7a-de-ti-opera%C3%A7%C3%B5es-e-suporte-at-randoncorp-3925246147?position=6&pageNum=7&refId=qyxYQc%2FekIg4DTALPzzbcg%3D%3D&trackingId=YvGDsqapx0XHEXOSXG%2F69w%3D%3D&trk=public_jobs_jserp-result_search-card
Estágio TI,"Presidente Prudente, São Paulo, Brazil",https://br.linkedin.com/jobs/view/est%C3%A1gio-ti-at-tr%C3%ADade-vagas-3909403604?position=7&pageNum=7&refId=qyxYQc%2FekIg4DTALPzzbcg%3D%3D&trackingId=jQZ0Bp67Avx44SCBgTSApQ%3D%3D&trk=public_jobs_jserp-result_search-card
Consultoría en Soporte local TI para la Oficina de país en Brasil,Greater Brasilia,https://br.linkedin.com/jobs/view/consultor%C3%ADa-en-soporte-local-ti-para-la-oficina-de-pa%C3%ADs-en-brasil-at-inter-american-development-bank-3924754958?position=8&pageNum=7&refId=qyxYQc%2FekIg4DTALPzzbcg%3D%3D&trackingId=dfUAV3k0Im2vV7zy3qLrlg%3D%3D&trk=public_jobs_jserp-result_search-card
Estágio T.I,"Curitiba, Paraná, Brazil",https://br.linkedin.com/jobs/view/est%C3%A1gio-t-i-at-nossa-gest%C3%A3o-de-pessoas-3871549112?position=9&pageNum=7&refId=qyxYQc%2FekIg4DTALPzzbcg%3D%3D&trackingId=MmBRZDJF3OfYBQHqrLuDzA%3D%3D&trk=public_jobs_jserp-result_search-card
Jovem Aprendiz - Tecnologia da Informação,Greater Porto Alegre,https://br.linkedin.com/jobs/view/jovem-aprendiz-tecnologia-da-informa%C3%A7%C3%A3o-at-contato-seguro-canal-de-den%C3%BAncias-3895437255?position=10&pageNum=7&refId=qyxYQc%2FekIg4DTALPzzbcg%3D%3D&trackingId=WBMpDFp%2BVUjjxEz7przVVA%3D%3D&trk=public_jobs_jserp-result_search-card
Administrador de Sistemas I,"São Paulo, São Paulo, Brazil",https://br.linkedin.com/jobs/view/administrador-de-sistemas-i-at-eb-corporate-3923224528?position=1&pageNum=10&refId=wTVXr6HOcTMVuuhko5nmLA%3D%3D&trackingId=A4mlwCylLsleu5nPzGuWhg%3D%3D&trk=public_jobs_jserp-result_search-card
Estágio Tecnologia da Informação,Greater Belo Horizonte,https://br.linkedin.com/jobs/view/est%C3%A1gio-tecnologia-da-informa%C3%A7%C3%A3o-3927070997?position=2&pageNum=10&refId=wTVXr6HOcTMVuuhko5nmLA%3D%3D&trackingId=wO3TWhHyN3S2Tp7r7GJ0fg%3D%3D&trk=public_jobs_jserp-result_search-card
Suporte de TI,"São Paulo, São Paulo, Brazil",https://br.linkedin.com/jobs/view/suporte-de-ti-at-osb-software-3895589560?position=3&pageNum=10&refId=wTVXr6HOcTMVuuhko5nmLA%3D%3D&trackingId=s%2B7fDJg%2BiWfbKeAErL%2BJmg%3D%3D&trk=public_jobs_jserp-result_search-card
Estágio na área de Tecnologia da Informação,"Indaiatuba, São Paulo, Brazil",https://br.linkedin.com/jobs/view/est%C3%A1gio-na-%C3%A1rea-de-tecnologia-da-informa%C3%A7%C3%A3o-3908779452?position=4&pageNum=10&refId=wTVXr6HOcTMVuuhko5nmLA%3D%3D&trackingId=BLmDOWJdLq3BWKICbT69gQ%3D%3D&trk=public_jobs_jserp-result_search-card
Analista de Plataforma de Negócios - PN Raja,"Belo Horizonte, Minas Gerais, Brazil",https://br.linkedin.com/jobs/view/analista-de-plataforma-de-neg%C3%B3cios-pn-raja-at-sicoob-divicred-3923665375?position=5&pageNum=10&refId=wTVXr6HOcTMVuuhko5nmLA%3D%3D&trackingId=rq9K87IIC8vgk1%2B1F3BOzQ%3D%3D&trk=public_jobs_jserp-result_search-card
Especialista de Tecnologia da Informação,Brazil,https://br.linkedin.com/jobs/view/especialista-de-tecnologia-da-informa%C3%A7%C3%A3o-at-rd-sa%C3%BAde-3903822020?position=6&pageNum=10&refId=wTVXr6HOcTMVuuhko5nmLA%3D%3D&trackingId=vhiTmqm2jqnEZcRiNJfhaQ%3D%3D&trk=public_jobs_jserp-result_search-card
Consultor (a) de Novos Negócios em Tecnologia (BDC) I,Greater São Paulo Area,https://br.linkedin.com/jobs/view/consultor-a-de-novos-neg%C3%B3cios-em-tecnologia-bdc-i-at-oracle-3918229004?position=7&pageNum=10&refId=wTVXr6HOcTMVuuhko5nmLA%3D%3D&trackingId=P4NNPnAGtdBFhEB69kYPGg%3D%3D&trk=public_jobs_jserp-result_search-card
Analista de Suporte,Greater São Paulo Area,https://br.linkedin.com/jobs/view/analista-de-suporte-3903229821?position=8&pageNum=10&refId=wTVXr6HOcTMVuuhko5nmLA%3D%3D&trackingId=2BOwlUBSc9qBBNwu%2BgvkTg%3D%3D&trk=public_jobs_jserp-result_search-card
Analista de Negócios/Dados,Brazil,https://br.linkedin.com/jobs/view/analista-de-neg%C3%B3cios-dados-at-dexian-brasil-3929200324?position=9&pageNum=10&refId=wTVXr6HOcTMVuuhko5nmLA%3D%3D&trackingId=Cf2D6kL%2FIlO7I0ptDrIm1w%3D%3D&trk=public_jobs_jserp-result_search-card
ANALISTA DE PROCESSOS JR,Brazil,https://br.linkedin.com/jobs/view/analista-de-processos-jr-at-it-universe-3928247175?position=10&pageNum=10&refId=wTVXr6HOcTMVuuhko5nmLA%3D%3D&trackingId=yQF%2BkMwGSDgEJHr45v%2FSTg%3D%3D&trk=public_jobs_jserp-result_search-card
CONSULTOR DE TI (ITIL),"São Paulo, São Paulo, Brazil",https://br.linkedin.com/jobs/view/consultor-de-ti-itil-at-unidas-3913313368?position=1&pageNum=12&refId=4ehDQRwZDCG3LuNSBPBoeA%3D%3D&trackingId=lbT1u2hwgBZz0sO8CWX35w%3D%3D&trk=public_jobs_jserp-result_search-card
Estágio TI,Brazil,https://br.linkedin.com/jobs/view/est%C3%A1gio-ti-at-auge-recursos-humanos-3925416994?position=2&pageNum=12&refId=4ehDQRwZDCG3LuNSBPBoeA%3D%3D&trackingId=xq9J8N8IH0e2MlUT0cd%2FNA%3D%3D&trk=public_jobs_jserp-result_search-card
ESTÁGIO GOVERNANÇA DE TI,"Belo Horizonte, Minas Gerais, Brazil",https://br.linkedin.com/jobs/view/est%C3%A1gio-governan%C3%A7a-de-ti-at-drogaria-araujo-s-a-3887266164?position=3&pageNum=12&refId=4ehDQRwZDCG3LuNSBPBoeA%3D%3D&trackingId=pNzsUbhkkE2%2Bxqm8rvS19w%3D%3D&trk=public_jobs_jserp-result_search-card
Suporte de TI Nível 2,Greater Curitiba,https://br.linkedin.com/jobs/view/suporte-de-ti-n%C3%ADvel-2-3850443164?position=4&pageNum=12&refId=4ehDQRwZDCG3LuNSBPBoeA%3D%3D&trackingId=bV7F9GQInNIuEJB9hniwXg%3D%3D&trk=public_jobs_jserp-result_search-card
Efetivo CLT,Greater São Paulo Area,https://br.linkedin.com/jobs/view/efetivo-clt-3865516580?position=5&pageNum=12&refId=4ehDQRwZDCG3LuNSBPBoeA%3D%3D&trackingId=V7qzlcE8RitBKMA5EaFJZA%3D%3D&trk=public_jobs_jserp-result_search-card
Analista gestão de incidentes,"Barueri, São Paulo, Brazil",https://br.linkedin.com/jobs/view/analista-gest%C3%A3o-de-incidentes-at-cielo-3925158695?position=6&pageNum=12&refId=4ehDQRwZDCG3LuNSBPBoeA%3D%3D&trackingId=bSlmZFHwTs%2BBdBHBYhoWGg%3D%3D&trk=public_jobs_jserp-result_search-card
Especialista de TI,"Goiânia, Goiás, Brazil",https://br.linkedin.com/jobs/view/especialista-de-ti-at-svpm-minera%C3%A7%C3%A3o-serra-verde-3920488104?position=7&pageNum=12&refId=4ehDQRwZDCG3LuNSBPBoeA%3D%3D&trackingId=OEwZ9s6zvbz37Fg0dyEPvg%3D%3D&trk=public_jobs_jserp-result_search-card
Analista de Relacionamento com o Cliente | Curitiba/PR | Noturno,"Curitiba, Paraná, Brazil",https://br.linkedin.com/jobs/view/analista-de-relacionamento-com-o-cliente-curitiba-pr-noturno-at-stone-3878113811?position=8&pageNum=12&refId=4ehDQRwZDCG3LuNSBPBoeA%3D%3D&trackingId=s%2BgUs1VhK8rotsFVZmRdVA%3D%3D&trk=public_jobs_jserp-result_search-card
Banco de Talentos para Pessoas Negras 2024 - SAP Brasil - SP/ RJ,Greater São Paulo Area,https://br.linkedin.com/jobs/view/banco-de-talentos-para-pessoas-negras-2024-sap-brasil-sp-rj-at-sap-3826034659?position=9&pageNum=12&refId=4ehDQRwZDCG3LuNSBPBoeA%3D%3D&trackingId=sq2x112gRoRvRo7RlOczKA%3D%3D&trk=public_jobs_jserp-result_search-card
ANALISTA ADMINISTRATIVO PL (ATENÇÃO DOMICILIAR) - BA,"Salvador, Bahia, Brazil",https://br.linkedin.com/jobs/view/analista-administrativo-pl-aten%C3%A7%C3%A3o-domiciliar-ba-at-unimed-nacional-3906509577?position=10&pageNum=12&refId=4ehDQRwZDCG3LuNSBPBoeA%3D%3D&trackingId=lJoFAEYCohkKmZAjuUhNyg%3D%3D&trk=public_jobs_jserp-result_search-card
Processo Seletivo - Analista em Negócio - Foco em GovernoTrabalho RemotoEfetivo,"Santa Maria, Rio Grande do Sul, Brazil",https://br.linkedin.com/jobs/view/processo-seletivo-analista-em-neg%C3%B3cio-foco-em-governotrabalho-remotoefetivo-at-elogroup-3918759249?position=1&pageNum=15&refId=TS7fjs1VIRNI5tDbEe8EJg%3D%3D&trackingId=Sb4HBY2EJfWpUldFaJ40Ug%3D%3D&trk=public_jobs_jserp-result_search-card
Analista de Risco Operacionais Tecnológicos| Pleno (Presencial Flexível),Greater São Paulo Area,https://br.linkedin.com/jobs/view/analista-de-risco-operacionais-tecnol%C3%B3gicos-pleno-presencial-flex%C3%ADvel-at-stone-3817941062?position=2&pageNum=15&refId=TS7fjs1VIRNI5tDbEe8EJg%3D%3D&trackingId=HMa2yaHrivgoWtHwDPhMgw%3D%3D&trk=public_jobs_jserp-result_search-card
Consultor(a) de Tecnologia do Produto,"São Bernardo do Campo, São Paulo, Brazil",https://br.linkedin.com/jobs/view/consultor-a-de-tecnologia-do-produto-at-volkswagen-do-brasil-3771786664?position=3&pageNum=15&refId=TS7fjs1VIRNI5tDbEe8EJg%3D%3D&trackingId=nMBsnnFmKd%2Fjq4vV0nEDBw%3D%3D&trk=public_jobs_jserp-result_search-card
Estágio TI,Greater Porto Alegre,https://br.linkedin.com/jobs/view/est%C3%A1gio-ti-at-lojas-renner-s-a-3871189513?position=4&pageNum=15&refId=TS7fjs1VIRNI5tDbEe8EJg%3D%3D&trackingId=pWUXID7wuWJAdF7iUJfhqw%3D%3D&trk=public_jobs_jserp-result_search-card
Connect SpecialistSão Paulo - SP e HíbridoEfetivo,Greater São Paulo Area,https://br.linkedin.com/jobs/view/connect-specialists%C3%A3o-paulo-sp-e-h%C3%ADbridoefetivo-at-porsche-brasil-3918547270?position=5&pageNum=15&refId=TS7fjs1VIRNI5tDbEe8EJg%3D%3D&trackingId=Qw4CxpdpKYWCcYNjpsbrJw%3D%3D&trk=public_jobs_jserp-result_search-card
Administrador de Sistemas Tr.,Greater São Paulo Area,https://br.linkedin.com/jobs/view/administrador-de-sistemas-tr-at-edge-uol-3914609278?position=6&pageNum=15&refId=TS7fjs1VIRNI5tDbEe8EJg%3D%3D&trackingId=NpvJd2%2FIzeRL7n2f3cEVVA%3D%3D&trk=public_jobs_jserp-result_search-card
Analista de Operações,"São Paulo, São Paulo, Brazil",https://br.linkedin.com/jobs/view/analista-de-opera%C3%A7%C3%B5es-at-tecnoset-3927067806?position=7&pageNum=15&refId=TS7fjs1VIRNI5tDbEe8EJg%3D%3D&trackingId=5mWPld9uZZA%2BISOuLYYfUw%3D%3D&trk=public_jobs_jserp-result_search-card
Analista de Infraestrutura,"Jundiaí, São Paulo, Brazil",https://br.linkedin.com/jobs/view/analista-de-infraestrutura-at-wayon-it-solutions-3910034273?position=8&pageNum=15&refId=TS7fjs1VIRNI5tDbEe8EJg%3D%3D&trackingId=LDpGSRtkzmhblyJ3CHLNLA%3D%3D&trk=public_jobs_jserp-result_search-card
Analista Infraestructura Ciberseguridad Jr+,"Retiro, Bahia, Brazil",https://br.linkedin.com/jobs/view/analista-infraestructura-ciberseguridad-jr%2B-at-educacionit-3912304624?position=9&pageNum=15&refId=TS7fjs1VIRNI5tDbEe8EJg%3D%3D&trackingId=0CzmJ%2BE3Rjr7yLBXCGgpaQ%3D%3D&trk=public_jobs_jserp-result_search-card
Analista de Negócios Pleno,"Brasília, Federal District, Brazil",https://br.linkedin.com/jobs/view/analista-de-neg%C3%B3cios-pleno-at-brasal-3929149032?position=10&pageNum=15&refId=TS7fjs1VIRNI5tDbEe8EJg%3D%3D&trackingId=hsq53FxSq3ZI%2Fm%2BAKChzkg%3D%3D&trk=public_jobs_jserp-result_search-card
Estágio de TI (Infraestrutura),"Vitória, Espírito Santo, Brazil",https://br.linkedin.com/jobs/view/est%C3%A1gio-de-ti-infraestrutura-at-psicoespa%C3%A7o-ltda-3929881226?position=1&pageNum=17&refId=lUE5%2FtsVG6%2B06EwnyYiEUw%3D%3D&trackingId=yJ1ETd2lJl8zcMdQqTCs2A%3D%3D&trk=public_jobs_jserp-result_search-card
Estágio Em Ti / Informatica,"São Paulo, São Paulo, Brazil",https://br.linkedin.com/jobs/view/est%C3%A1gio-em-ti-informatica-3927046948?position=2&pageNum=17&refId=lUE5%2FtsVG6%2B06EwnyYiEUw%3D%3D&trackingId=1VWyp6aRHbswcjXWHCV9Dg%3D%3D&trk=public_jobs_jserp-result_search-card
"Estágio | Administração, Rh ou Tecnologia da Informação","Brasília, Federal District, Brazil",https://br.linkedin.com/jobs/view/est%C3%A1gio-administra%C3%A7%C3%A3o-rh-ou-tecnologia-da-informa%C3%A7%C3%A3o-at-r%C3%AAve-rh-3904133769?position=3&pageNum=17&refId=lUE5%2FtsVG6%2B06EwnyYiEUw%3D%3D&trackingId=6BZMIJG%2BoFHnaLsmbepXEA%3D%3D&trk=public_jobs_jserp-result_search-card
Banco de Talentos - PR/SP/RJ/BA/BH/BRSão Paulo - SP e HíbridoBanco de talentos,"São Paulo, São Paulo, Brazil",https://br.linkedin.com/jobs/view/banco-de-talentos-pr-sp-rj-ba-bh-brs%C3%A3o-paulo-sp-e-h%C3%ADbridobanco-de-talentos-at-junto-seguros-3918767358?position=4&pageNum=17&refId=lUE5%2FtsVG6%2B06EwnyYiEUw%3D%3D&trackingId=4RICUmBe2adQ9%2Ft0JNj%2BfQ%3D%3D&trk=public_jobs_jserp-result_search-card
Analista de Customer Onboarding,Brazil,https://br.linkedin.com/jobs/view/analista-de-customer-onboarding-at-stone-3919720240?position=5&pageNum=17&refId=lUE5%2FtsVG6%2B06EwnyYiEUw%3D%3D&trackingId=j0j%2FlURqgDh5w5%2FkgMmvOw%3D%3D&trk=public_jobs_jserp-result_search-card
Analista Desenvolvedor Jr,Greater São Paulo Area,https://br.linkedin.com/jobs/view/analista-desenvolvedor-jr-at-cognizant-3929339791?position=6&pageNum=17&refId=lUE5%2FtsVG6%2B06EwnyYiEUw%3D%3D&trackingId=r179YdQs7E8K4V%2FoADMYPA%3D%3D&trk=public_jobs_jserp-result_search-card
Analista de Suporte Técnico,"Agudos, São Paulo, Brazil",https://br.linkedin.com/jobs/view/analista-de-suporte-t%C3%A9cnico-3906404243?position=7&pageNum=17&refId=lUE5%2FtsVG6%2B06EwnyYiEUw%3D%3D&trackingId=VnqFQ4Kn%2Bhla4eQDTj1jBg%3D%3D&trk=public_jobs_jserp-result_search-card
OPERADOR NIVEL 1- BA,"Salvador, Bahia, Brazil",https://br.linkedin.com/jobs/view/operador-nivel-1-ba-at-ghs-brasil-3854997636?position=8&pageNum=17&refId=lUE5%2FtsVG6%2B06EwnyYiEUw%3D%3D&trackingId=9TM6t9dB0i2um7pWZQp%2BsA%3D%3D&trk=public_jobs_jserp-result_search-card
Banco de talentos TI,"Farroupilha, Rio Grande do Sul, Brazil",https://br.linkedin.com/jobs/view/banco-de-talentos-ti-at-empresas-silvestrin-3918530053?position=9&pageNum=17&refId=lUE5%2FtsVG6%2B06EwnyYiEUw%3D%3D&trackingId=fdlJ5gCpxVsewgMFdjIi%2Fw%3D%3D&trk=public_jobs_jserp-result_search-card
Gerente de Sistemas,"São Paulo, São Paulo, Brazil",https://br.linkedin.com/jobs/view/gerente-de-sistemas-at-lumini-it-solutions-3929601261?position=10&pageNum=17&refId=lUE5%2FtsVG6%2B06EwnyYiEUw%3D%3D&trackingId=lcO6C1CGzWeFIs5EjNyAPw%3D%3D&trk=public_jobs_jserp-result_search-card
Jovem Aprendiz TI - Salvador/BA,"Salvador, Bahia, Brazil",https://br.linkedin.com/jobs/view/jovem-aprendiz-ti-salvador-ba-at-grupo-terra-firme-3929858951?position=1&pageNum=20&refId=Edu8ytO%2FllRK4fbM10ng%2Fw%3D%3D&trackingId=PoP8kRJOFPvyzTiTNXSLmw%3D%3D&trk=public_jobs_jserp-result_search-card
IT BUSINESS PARTNER,"Cascavel, Paraná, Brazil",https://br.linkedin.com/jobs/view/it-business-partner-at-policl%C3%ADnica-hospital-3887286540?position=2&pageNum=20&refId=Edu8ytO%2FllRK4fbM10ng%2Fw%3D%3D&trackingId=kGOvX8Z7MoB8%2FzGKZj1SYQ%3D%3D&trk=public_jobs_jserp-result_search-card
Consultor Técnico- São Paulo,"São Paulo, São Paulo, Brazil",https://br.linkedin.com/jobs/view/consultor-t%C3%A9cnico-s%C3%A3o-paulo-at-selbetti-tecnologia-3840555131?position=3&pageNum=20&refId=Edu8ytO%2FllRK4fbM10ng%2Fw%3D%3D&trackingId=B6LkSaizHUf4wofDi61oRw%3D%3D&trk=public_jobs_jserp-result_search-card
ANALISTA DE PROCESSOS JR,"Osasco, São Paulo, Brazil",https://br.linkedin.com/jobs/view/analista-de-processos-jr-at-it-universe-3911377888?position=4&pageNum=20&refId=Edu8ytO%2FllRK4fbM10ng%2Fw%3D%3D&trackingId=DXuMJbF31PNZ0Urs67FOQw%3D%3D&trk=public_jobs_jserp-result_search-card
Estágio Em TI – Fortaleza – CE,"Fortaleza, Ceará, Brazil",https://br.linkedin.com/jobs/view/est%C3%A1gio-em-ti-%E2%80%93-fortaleza-%E2%80%93-ce-3929397468?position=5&pageNum=20&refId=Edu8ytO%2FllRK4fbM10ng%2Fw%3D%3D&trackingId=ybEZ%2FtpZlYuwB2dRnFZC1g%3D%3D&trk=public_jobs_jserp-result_search-card
Analista Comercial - Inbound Sales PAGAR.ME (Híbrido/SP),Greater São Paulo Area,https://br.linkedin.com/jobs/view/analista-comercial-inbound-sales-pagar-me-h%C3%ADbrido-sp-at-stone-3816011792?position=6&pageNum=20&refId=Edu8ytO%2FllRK4fbM10ng%2Fw%3D%3D&trackingId=uvrkE6pT0NhdIOyLp9FC6w%3D%3D&trk=public_jobs_jserp-result_search-card
Analista de Desenvolvimento de Canais,"São Paulo, São Paulo, Brazil",https://br.linkedin.com/jobs/view/analista-de-desenvolvimento-de-canais-at-lenovo-3905122425?position=7&pageNum=20&refId=Edu8ytO%2FllRK4fbM10ng%2Fw%3D%3D&trackingId=EsgdWkPkBk9IvXp0zMvUvA%3D%3D&trk=public_jobs_jserp-result_search-card
Analista de Estratégia Comercial Pleno,Greater São Paulo Area,https://br.linkedin.com/jobs/view/analista-de-estrat%C3%A9gia-comercial-pleno-at-seguros-unimed-3929028675?position=8&pageNum=20&refId=Edu8ytO%2FllRK4fbM10ng%2Fw%3D%3D&trackingId=9LORf9hJBDuynDhIHB9U8g%3D%3D&trk=public_jobs_jserp-result_search-card
Estágio Em Sistema De Informação/Computação/Tecnologia Da Informação- Natal/RN,"Natal, Rio Grande do Norte, Brazil",https://br.linkedin.com/jobs/view/est%C3%A1gio-em-sistema-de-informa%C3%A7%C3%A3o-computa%C3%A7%C3%A3o-tecnologia-da-informa%C3%A7%C3%A3o-natal-rn-3929399726?position=9&pageNum=20&refId=Edu8ytO%2FllRK4fbM10ng%2Fw%3D%3D&trackingId=deDZQNHi%2Fy7hutF5FW%2FJwA%3D%3D&trk=public_jobs_jserp-result_search-card
TEC SERVICOS OFFSHORE I,"Macaé, Rio de Janeiro, Brazil",https://br.linkedin.com/jobs/view/tec-servicos-offshore-i-at-technipfmc-3926153580?position=10&pageNum=20&refId=Edu8ytO%2FllRK4fbM10ng%2Fw%3D%3D&trackingId=OZhChekqtMwZhjdMo%2FO9qQ%3D%3D&trk=public_jobs_jserp-result_search-card
IT Executivo de Monitoramento e Sustentação - São Paulo,"São Paulo, São Paulo, Brazil",https://br.linkedin.com/jobs/view/it-executivo-de-monitoramento-e-sustenta%C3%A7%C3%A3o-s%C3%A3o-paulo-at-motz-3922553041?position=1&pageNum=22&refId=xO3LDieMAO6mCBdoTYkfUA%3D%3D&trackingId=exYSzfn7z%2FZ3voSsgCQoAQ%3D%3D&trk=public_jobs_jserp-result_search-card
Consultor(a) Interno de Vendas iPlace - Salvador/BA (Shopping Paralela),"Salvador, Bahia, Brazil",https://br.linkedin.com/jobs/view/consultor-a-interno-de-vendas-iplace-salvador-ba-shopping-paralela-at-grupo-herval-3840843909?position=2&pageNum=22&refId=xO3LDieMAO6mCBdoTYkfUA%3D%3D&trackingId=nq364eu%2F29tvcoayWeLPlw%3D%3D&trk=public_jobs_jserp-result_search-card
Estágio TI,Greater São Paulo Area,https://br.linkedin.com/jobs/view/est%C3%A1gio-ti-3839416206?position=3&pageNum=22&refId=xO3LDieMAO6mCBdoTYkfUA%3D%3D&trackingId=yFCLJ%2FyqTcSpaKoJRKwhkQ%3D%3D&trk=public_jobs_jserp-result_search-card
ANALISTA RECURSOS HUMANOS JR - PARCEIRO(A) DE NEGÓCIOS,"São Paulo, São Paulo, Brazil",https://br.linkedin.com/jobs/view/analista-recursos-humanos-jr-parceiro-a-de-neg%C3%B3cios-at-fibria-3923234838?position=4&pageNum=22&refId=xO3LDieMAO6mCBdoTYkfUA%3D%3D&trackingId=gZe%2BUPq9%2F3Q5ii6nI2N3rQ%3D%3D&trk=public_jobs_jserp-result_search-card
TI/TELECOMUNICAÇÃO,"Ribeirão Preto, São Paulo, Brazil",https://br.linkedin.com/jobs/view/ti-telecomunica%C3%A7%C3%A3o-at-agathos-tecnologia-3896664527?position=5&pageNum=22&refId=xO3LDieMAO6mCBdoTYkfUA%3D%3D&trackingId=aO5CaweO0H3PL2%2F%2FpK19Wg%3D%3D&trk=public_jobs_jserp-result_search-card
Analista Fiscal Jr.,"Indaiatuba, São Paulo, Brazil",https://br.linkedin.com/jobs/view/analista-fiscal-jr-at-lenovo-3913438248?position=6&pageNum=22&refId=xO3LDieMAO6mCBdoTYkfUA%3D%3D&trackingId=UWD6c21KEB9pscX8jNnzgw%3D%3D&trk=public_jobs_jserp-result_search-card
IT Systems Administrator,"Guarulhos, São Paulo, Brazil",https://br.linkedin.com/jobs/view/it-systems-administrator-at-cae-3903324995?position=7&pageNum=22&refId=xO3LDieMAO6mCBdoTYkfUA%3D%3D&trackingId=%2FcHqakvzuLHc1hIqN9wm%2Fw%3D%3D&trk=public_jobs_jserp-result_search-card
TI,"Brasília, Federal District, Brazil",https://br.linkedin.com/jobs/view/ti-3873673430?position=8&pageNum=22&refId=xO3LDieMAO6mCBdoTYkfUA%3D%3D&trackingId=6qieOPGYkh3z5PCc6aLYUQ%3D%3D&trk=public_jobs_jserp-result_search-card
ANL ARQUITETURA DE NEGÓCIOS TI SR - MEIOS DE PAGAMENTOS,"São Paulo, São Paulo, Brazil",https://br.linkedin.com/jobs/view/anl-arquitetura-de-neg%C3%B3cios-ti-sr-meios-de-pagamentos-at-ita%C3%BA-unibanco-3921474442?position=9&pageNum=22&refId=xO3LDieMAO6mCBdoTYkfUA%3D%3D&trackingId=r%2BZfcxnrgHtVzKEyJ5PxGQ%3D%3D&trk=public_jobs_jserp-result_search-card
IT Governance Lead,Brazil,https://br.linkedin.com/jobs/view/it-governance-lead-at-dock-3926432011?position=10&pageNum=22&refId=xO3LDieMAO6mCBdoTYkfUA%3D%3D&trackingId=UBFo08rKSlX2VO5%2BNCnwOA%3D%3D&trk=public_jobs_jserp-result_search-card
TI: Pessoa Téc. de Suporte (Escala 12 X 36),"Serra, Espírito Santo, Brazil",https://br.linkedin.com/jobs/view/ti-pessoa-t%C3%A9c-de-suporte-escala-12-x-36-at-wine-3916625688?position=1&pageNum=25&refId=XdCXlzSCHaD6Owxus6KJ1Q%3D%3D&trackingId=wveqGmGth17tgrkMqaVeIg%3D%3D&trk=public_jobs_jserp-result_search-card
Field IT Manager,Greater São Paulo Area,https://br.linkedin.com/jobs/view/field-it-manager-at-ticketmaster-3929122481?position=2&pageNum=25&refId=XdCXlzSCHaD6Owxus6KJ1Q%3D%3D&trackingId=vj%2FKzVcIbM7PeUznIoLHqA%3D%3D&trk=public_jobs_jserp-result_search-card
"Bolsista - Tecnologias da Informação, comunicação, Engenharia Elétrica ou afins - RP13651","Londrina, Paraná, Brazil",https://br.linkedin.com/jobs/view/bolsista-tecnologias-da-informa%C3%A7%C3%A3o-comunica%C3%A7%C3%A3o-engenharia-el%C3%A9trica-ou-afins-rp13651-at-iel-paran%C3%A1-3904965542?position=3&pageNum=25&refId=XdCXlzSCHaD6Owxus6KJ1Q%3D%3D&trackingId=wBPDwffwp%2BigqF1ZBVY74g%3D%3D&trk=public_jobs_jserp-result_search-card
Aprendiz Administrativo (Área: Tecnologia da Informação - TI),"João Pessoa, Paraíba, Brazil",https://br.linkedin.com/jobs/view/aprendiz-administrativo-%C3%A1rea-tecnologia-da-informa%C3%A7%C3%A3o-ti-at-grupo-elfa-3902188967?position=4&pageNum=25&refId=XdCXlzSCHaD6Owxus6KJ1Q%3D%3D&trackingId=MrO5tdOURCFNzkSBW4bG9A%3D%3D&trk=public_jobs_jserp-result_search-card
Auxiliar de Montagem Óptica - Salvador/BA,"Salvador, Bahia, Brazil",https://br.linkedin.com/jobs/view/auxiliar-de-montagem-%C3%B3ptica-salvador-ba-at-zeiss-group-3916885218?position=5&pageNum=25&refId=XdCXlzSCHaD6Owxus6KJ1Q%3D%3D&trackingId=eF0OKdca4Q0RgFF2O6wIVA%3D%3D&trk=public_jobs_jserp-result_search-card
Consultor de Auditoria em TI,"Americana, São Paulo, Brazil",https://br.linkedin.com/jobs/view/consultor-de-auditoria-em-ti-at-vexia-3917111056?position=6&pageNum=25&refId=XdCXlzSCHaD6Owxus6KJ1Q%3D%3D&trackingId=%2F5XeULBKT4jMrsXV3%2FcZCg%3D%3D&trk=public_jobs_jserp-result_search-card
Estágio em Tecnologia da Informação ou correlatas.,"Curitiba, Paraná, Brazil",https://br.linkedin.com/jobs/view/est%C3%A1gio-em-tecnologia-da-informa%C3%A7%C3%A3o-ou-correlatas-at-mais-est%C3%A1gios-3909011995?position=7&pageNum=25&refId=XdCXlzSCHaD6Owxus6KJ1Q%3D%3D&trackingId=zpEGPTDC1QzctrlqvbCVxQ%3D%3D&trk=public_jobs_jserp-result_search-card
Lojas Físicas: Pessoa Analista de Negócios PL,"Vitória, Espírito Santo, Brazil",https://br.linkedin.com/jobs/view/lojas-f%C3%ADsicas-pessoa-analista-de-neg%C3%B3cios-pl-at-wine-3929497893?position=8&pageNum=25&refId=XdCXlzSCHaD6Owxus6KJ1Q%3D%3D&trackingId=NaanCAztYbiigbxaULG2pg%3D%3D&trk=public_jobs_jserp-result_search-card
"Agente Stone - Consultor (a) Comercial Externo | Tatuapé, São Paulo/SP","São Paulo, São Paulo, Brazil",https://br.linkedin.com/jobs/view/agente-stone-consultor-a-comercial-externo-tatuap%C3%A9-s%C3%A3o-paulo-sp-at-stone-3921569440?position=9&pageNum=25&refId=XdCXlzSCHaD6Owxus6KJ1Q%3D%3D&trackingId=34DTIUlC7gyXwrpEz9mKmA%3D%3D&trk=public_jobs_jserp-result_search-card
Consultor de Produto - Tecnologia,"Fortaleza, Ceará, Brazil",https://br.linkedin.com/jobs/view/consultor-de-produto-tecnologia-at-grupo-portfolio-3916398332?position=10&pageNum=25&refId=XdCXlzSCHaD6Owxus6KJ1Q%3D%3D&trackingId=A%2FRX4a0KbB0HL4MpjwS8nA%3D%3D&trk=public_jobs_jserp-result_search-card
Consultor Técnico,"Maricá, Rio de Janeiro, Brazil",https://br.linkedin.com/jobs/view/consultor-t%C3%A9cnico-at-grupo-automotive-3731503061?position=1&pageNum=27&refId=n1lx%2FSRdF3ZbCsQFJVzCbA%3D%3D&trackingId=fvr0hD8OlB%2FEq83%2FU85fAw%3D%3D&trk=public_jobs_jserp-result_search-card
Agente Stone - Consultor(a) Comercial Externo | Rio de Janeiro/RJ,Greater Rio de Janeiro,https://br.linkedin.com/jobs/view/agente-stone-consultor-a-comercial-externo-rio-de-janeiro-rj-at-stone-3929080077?position=2&pageNum=27&refId=n1lx%2FSRdF3ZbCsQFJVzCbA%3D%3D&trackingId=LmfQ5CQXg2axn%2BHQCDXw%2Fg%3D%3D&trk=public_jobs_jserp-result_search-card
Tech Recruiter / IT Recruiter,Brazil,https://br.linkedin.com/jobs/view/tech-recruiter-it-recruiter-at-thoughtworks-3929113634?position=3&pageNum=27&refId=n1lx%2FSRdF3ZbCsQFJVzCbA%3D%3D&trackingId=r%2FJKPKNP4Tfu4yI98bGiog%3D%3D&trk=public_jobs_jserp-result_search-card
Analista de Negócios Pleno,"São Paulo, São Paulo, Brazil",https://br.linkedin.com/jobs/view/analista-de-neg%C3%B3cios-pleno-at-vetta-3929497913?position=4&pageNum=27&refId=n1lx%2FSRdF3ZbCsQFJVzCbA%3D%3D&trackingId=aWB9MLgSDpQqsSauViPX%2FQ%3D%3D&trk=public_jobs_jserp-result_search-card
ESPECIALISTA TI (374877),"São Paulo, São Paulo, Brazil",https://br.linkedin.com/jobs/view/especialista-ti-374877-at-magazine-luiza-3920030389?position=5&pageNum=27&refId=n1lx%2FSRdF3ZbCsQFJVzCbA%3D%3D&trackingId=fojyMSvYpdGYgMeYYpigkg%3D%3D&trk=public_jobs_jserp-result_search-card
Analista de Negócios e Dados Pleno,Brazil,https://br.linkedin.com/jobs/view/analista-de-neg%C3%B3cios-e-dados-pleno-at-olist-tiny-3910548180?position=6&pageNum=27&refId=n1lx%2FSRdF3ZbCsQFJVzCbA%3D%3D&trackingId=6gNyV%2BRqj9xXu9t7mF3zFQ%3D%3D&trk=public_jobs_jserp-result_search-card
Especialista Produtos TI,"São Paulo, São Paulo, Brazil",https://br.linkedin.com/jobs/view/especialista-produtos-ti-at-riachuelo-3897892263?position=7&pageNum=27&refId=n1lx%2FSRdF3ZbCsQFJVzCbA%3D%3D&trackingId=TsFx2UIYmO2sKr%2BET7Y8qw%3D%3D&trk=public_jobs_jserp-result_search-card
Especialista em TI,"Sorocaba, São Paulo, Brazil",https://br.linkedin.com/jobs/view/especialista-em-ti-at-cityrh-3854017063?position=8&pageNum=27&refId=n1lx%2FSRdF3ZbCsQFJVzCbA%3D%3D&trackingId=kRhZ%2FQWx0QAMhN%2B97pDxlw%3D%3D&trk=public_jobs_jserp-result_search-card
Consultor SAP (BRASIL),"Mossoró, Rio Grande do Norte, Brazil",https://br.linkedin.com/jobs/view/consultor-sap-brasil-at-grupo-regazzo-3924836004?position=9&pageNum=27&refId=n1lx%2FSRdF3ZbCsQFJVzCbA%3D%3D&trackingId=lw5kZ%2FeT1bDCzhPMm%2FnEsQ%3D%3D&trk=public_jobs_jserp-result_search-card
Consultor SAP BASIS Junior,Brazil,https://br.linkedin.com/jobs/view/consultor-sap-basis-junior-at-icon-solutions-do-brasil-3927685074?position=10&pageNum=27&refId=n1lx%2FSRdF3ZbCsQFJVzCbA%3D%3D&trackingId=u7L3NFT%2BjWuXF78lSuJs5g%3D%3D&trk=public_jobs_jserp-result_search-card
